Workbook

Sheet Ссылки
A1: UTM-ссылки Карьерного юриста
A2: Как пользоваться: заполняйте только жёлтые ячейки. Страницу, источник и канал выбирайте из списка (стрелка справа в ячейке), кампанию впишите сами: строчные латинские буквы, цифры, подчёркивание или дефис, без пробелов (например, oktober_vacancies). Голубая колонка «Готовая ссылка» собирается сама: копируйте её и публикуйте. Новая кампания — скопируйте любую строку и поменяйте кампанию. Строки с примерами кампаний (legal_night_jazz_2, oktober_vacancies, materials_oktober) придуманы для образца: меняйте или удаляйте их.
A3: Жёлтое — заполняете вы | B3: Голубое — считается само
A4: Страница | B4: Свой адрес (если страницы нет в списке) | C4: Источник (utm_source) | D4: Канал (utm_medium) | E4: Кампания (utm_campaign) | F4: Содержание (utm_content), необязательно | G4: Готовая ссылка | H4: Комментарий: где и когда опубликовано
A5: Главная | C5: telegram | D5: bio | E5: profile | G5: =IF(OR(IF(B5<>"",B5,IFERROR(INDEX('Справочник'!$B$5:$B$30,MATCH(A5,'Справочник'!$A$5:$A$30,0)),""))="",C5="",D5="",E5=""),"",IF(B5<>"",B5,IFERROR(INDEX('Справочник'!$B$5:$B$30,MATCH(A5,'Справочник'!$A$5:$A$30,0)),""))&IF(ISNUMBER(FIND("?",IF(B5<>"",B5,IFERROR(INDEX('Справочник'!$B$5:$B$30,MATCH(A5,'Справочник'!$A$5:$A$30,0)),"")))),"&","?")&"utm_source="&C5&"&utm_medium="&D5&"&utm_campaign="&E5&IF(F5<>"","&utm_content="&F5,"")) -> https://legalcareerist.ru/?utm_source=telegram&utm_medium=bio&utm_campaign=profile | H5: Постоянная ссылка в шапку профиля
A6: Главная | C6: vk | D6: bio | E6: profile | G6: =IF(OR(IF(B6<>"",B6,IFERROR(INDEX('Справочник'!$B$5:$B$30,MATCH(A6,'Справочник'!$A$5:$A$30,0)),""))="",C6="",D6="",E6=""),"",IF(B6<>"",B6,IFERROR(INDEX('Справочник'!$B$5:$B$30,MATCH(A6,'Справочник'!$A$5:$A$30,0)),""))&IF(ISNUMBER(FIND("?",IF(B6<>"",B6,IFERROR(INDEX('Справочник'!$B$5:$B$30,MATCH(A6,'Справочник'!$A$5:$A$30,0)),"")))),"&","?")&"utm_source="&C6&"&utm_medium="&D6&"&utm_campaign="&E6&IF(F6<>"","&utm_content="&F6,"")) -> https://legalcareerist.ru/?utm_source=vk&utm_medium=bio&utm_campaign=profile | H6: Постоянная ссылка в шапку профиля
A7: Работодателям (заявка на подбор) | C7: telegram | D7: bio | E7: profile | G7: =IF(OR(IF(B7<>"",B7,IFERROR(INDEX('Справочник'!$B$5:$B$30,MATCH(A7,'Справочник'!$A$5:$A$30,0)),""))="",C7="",D7="",E7=""),"",IF(B7<>"",B7,IFERROR(INDEX('Справочник'!$B$5:$B$30,MATCH(A7,'Справочник'!$A$5:$A$30,0)),""))&IF(ISNUMBER(FIND("?",IF(B7<>"",B7,IFERROR(INDEX('Справочник'!$B$5:$B$30,MATCH(A7,'Справочник'!$A$5:$A$30,0)),"")))),"&","?")&"utm_source="&C7&"&utm_medium="&D7&"&utm_campaign="&E7&IF(F7<>"","&utm_content="&F7,"")) -> https://legalcareerist.ru/kadry/employers?utm_source=telegram&utm_medium=bio&utm_campaign=profile | H7: Постоянная ссылка в шапку профиля
A8: Работодателям (заявка на подбор) | C8: vk | D8: bio | E8: profile | G8: =IF(OR(IF(B8<>"",B8,IFERROR(INDEX('Справочник'!$B$5:$B$30,MATCH(A8,'Справочник'!$A$5:$A$30,0)),""))="",C8="",D8="",E8=""),"",IF(B8<>"",B8,IFERROR(INDEX('Справочник'!$B$5:$B$30,MATCH(A8,'Справочник'!$A$5:$A$30,0)),""))&IF(ISNUMBER(FIND("?",IF(B8<>"",B8,IFERROR(INDEX('Справочник'!$B$5:$B$30,MATCH(A8,'Справочник'!$A$5:$A$30,0)),"")))),"&","?")&"utm_source="&C8&"&utm_medium="&D8&"&utm_campaign="&E8&IF(F8<>"","&utm_content="&F8,"")) -> https://legalcareerist.ru/kadry/employers?utm_source=vk&utm_medium=bio&utm_campaign=profile | H8: Постоянная ссылка в шапку профиля
A9: Соискателям | C9: telegram | D9: bio | E9: profile | G9: =IF(OR(IF(B9<>"",B9,IFERROR(INDEX('Справочник'!$B$5:$B$30,MATCH(A9,'Справочник'!$A$5:$A$30,0)),""))="",C9="",D9="",E9=""),"",IF(B9<>"",B9,IFERROR(INDEX('Справочник'!$B$5:$B$30,MATCH(A9,'Справочник'!$A$5:$A$30,0)),""))&IF(ISNUMBER(FIND("?",IF(B9<>"",B9,IFERROR(INDEX('Справочник'!$B$5:$B$30,MATCH(A9,'Справочник'!$A$5:$A$30,0)),"")))),"&","?")&"utm_source="&C9&"&utm_medium="&D9&"&utm_campaign="&E9&IF(F9<>"","&utm_content="&F9,"")) -> https://legalcareerist.ru/kadry/candidates?utm_source=telegram&utm_medium=bio&utm_campaign=profile | H9: Постоянная ссылка в шапку профиля
A10: Соискателям | C10: vk | D10: bio | E10: profile | G10: =IF(OR(IF(B10<>"",B10,IFERROR(INDEX('Справочник'!$B$5:$B$30,MATCH(A10,'Справочник'!$A$5:$A$30,0)),""))="",C10="",D10="",E10=""),"",IF(B10<>"",B10,IFERROR(INDEX('Справочник'!$B$5:$B$30,MATCH(A10,'Справочник'!$A$5:$A$30,0)),""))&IF(ISNUMBER(FIND("?",IF(B10<>"",B10,IFERROR(INDEX('Справочник'!$B$5:$B$30,MATCH(A10,'Справочник'!$A$5:$A$30,0)),"")))),"&","?")&"utm_source="&C10&"&utm_medium="&D10&"&utm_campaign="&E10&IF(F10<>"","&utm_content="&F10,"")) -> https://legalcareerist.ru/kadry/candidates?utm_source=vk&utm_medium=bio&utm_campaign=profile | H10: Постоянная ссылка в шапку профиля
A11: Сообщество (подписка) | C11: telegram | D11: bio | E11: profile | G11: =IF(OR(IF(B11<>"",B11,IFERROR(INDEX('Справочник'!$B$5:$B$30,MATCH(A11,'Справочник'!$A$5:$A$30,0)),""))="",C11="",D11="",E11=""),"",IF(B11<>"",B11,IFERROR(INDEX('Справочник'!$B$5:$B$30,MATCH(A11,'Справочник'!$A$5:$A$30,0)),""))&IF(ISNUMBER(FIND("?",IF(B11<>"",B11,IFERROR(INDEX('Справочник'!$B$5:$B$30,MATCH(A11,'Справочник'!$A$5:$A$30,0)),"")))),"&","?")&"utm_source="&C11&"&utm_medium="&D11&"&utm_campaign="&E11&IF(F11<>"","&utm_content="&F11,"")) -> https://legalcareerist.ru/community?utm_source=telegram&utm_medium=bio&utm_campaign=profile | H11: Постоянная ссылка в шапку профиля
A12: Сообщество (подписка) | C12: vk | D12: bio | E12: profile | G12: =IF(OR(IF(B12<>"",B12,IFERROR(INDEX('Справочник'!$B$5:$B$30,MATCH(A12,'Справочник'!$A$5:$A$30,0)),""))="",C12="",D12="",E12=""),"",IF(B12<>"",B12,IFERROR(INDEX('Справочник'!$B$5:$B$30,MATCH(A12,'Справочник'!$A$5:$A$30,0)),""))&IF(ISNUMBER(FIND("?",IF(B12<>"",B12,IFERROR(INDEX('Справочник'!$B$5:$B$30,MATCH(A12,'Справочник'!$A$5:$A$30,0)),"")))),"&","?")&"utm_source="&C12&"&utm_medium="&D12&"&utm_campaign="&E12&IF(F12<>"","&utm_content="&F12,"")) -> https://legalcareerist.ru/community?utm_source=vk&utm_medium=bio&utm_campaign=profile | H12: Постоянная ссылка в шапку профиля
A13: Мероприятия (афиша) | C13: telegram | D13: bio | E13: profile | G13: =IF(OR(IF(B13<>"",B13,IFERROR(INDEX('Справочник'!$B$5:$B$30,MATCH(A13,'Справочник'!$A$5:$A$30,0)),""))="",C13="",D13="",E13=""),"",IF(B13<>"",B13,IFERROR(INDEX('Справочник'!$B$5:$B$30,MATCH(A13,'Справочник'!$A$5:$A$30,0)),""))&IF(ISNUMBER(FIND("?",IF(B13<>"",B13,IFERROR(INDEX('Справочник'!$B$5:$B$30,MATCH(A13,'Справочник'!$A$5:$A$30,0)),"")))),"&","?")&"utm_source="&C13&"&utm_medium="&D13&"&utm_campaign="&E13&IF(F13<>"","&utm_content="&F13,"")) -> https://legalcareerist.ru/events?utm_source=telegram&utm_medium=bio&utm_campaign=profile | H13: Постоянная ссылка в шапку профиля
A14: Мероприятия (афиша) | C14: vk | D14: bio | E14: profile | G14: =IF(OR(IF(B14<>"",B14,IFERROR(INDEX('Справочник'!$B$5:$B$30,MATCH(A14,'Справочник'!$A$5:$A$30,0)),""))="",C14="",D14="",E14=""),"",IF(B14<>"",B14,IFERROR(INDEX('Справочник'!$B$5:$B$30,MATCH(A14,'Справочник'!$A$5:$A$30,0)),""))&IF(ISNUMBER(FIND("?",IF(B14<>"",B14,IFERROR(INDEX('Справочник'!$B$5:$B$30,MATCH(A14,'Справочник'!$A$5:$A$30,0)),"")))),"&","?")&"utm_source="&C14&"&utm_medium="&D14&"&utm_campaign="&E14&IF(F14<>"","&utm_content="&F14,"")) -> https://legalcareerist.ru/events?utm_source=vk&utm_medium=bio&utm_campaign=profile | H14: Постоянная ссылка в шапку профиля
A15: Маркетплейс | C15: telegram | D15: bio | E15: profile | G15: =IF(OR(IF(B15<>"",B15,IFERROR(INDEX('Справочник'!$B$5:$B$30,MATCH(A15,'Справочник'!$A$5:$A$30,0)),""))="",C15="",D15="",E15=""),"",IF(B15<>"",B15,IFERROR(INDEX('Справочник'!$B$5:$B$30,MATCH(A15,'Справочник'!$A$5:$A$30,0)),""))&IF(ISNUMBER(FIND("?",IF(B15<>"",B15,IFERROR(INDEX('Справочник'!$B$5:$B$30,MATCH(A15,'Справочник'!$A$5:$A$30,0)),"")))),"&","?")&"utm_source="&C15&"&utm_medium="&D15&"&utm_campaign="&E15&IF(F15<>"","&utm_content="&F15,"")) -> https://legalcareerist.ru/marketplace?utm_source=telegram&utm_medium=bio&utm_campaign=profile | H15: Постоянная ссылка в шапку профиля
A16: Маркетплейс | C16: vk | D16: bio | E16: profile | G16: =IF(OR(IF(B16<>"",B16,IFERROR(INDEX('Справочник'!$B$5:$B$30,MATCH(A16,'Справочник'!$A$5:$A$30,0)),""))="",C16="",D16="",E16=""),"",IF(B16<>"",B16,IFERROR(INDEX('Справочник'!$B$5:$B$30,MATCH(A16,'Справочник'!$A$5:$A$30,0)),""))&IF(ISNUMBER(FIND("?",IF(B16<>"",B16,IFERROR(INDEX('Справочник'!$B$5:$B$30,MATCH(A16,'Справочник'!$A$5:$A$30,0)),"")))),"&","?")&"utm_source="&C16&"&utm_medium="&D16&"&utm_campaign="&E16&IF(F16<>"","&utm_content="&F16,"")) -> https://legalcareerist.ru/marketplace?utm_source=vk&utm_medium=bio&utm_campaign=profile | H16: Постоянная ссылка в шапку профиля
... A34: Сообщество (подписка) | C34: telegram | D34: post | E34: yugrbbb_community | G34: =IF(OR(IF(B34<>"",B34,IFERROR(INDEX('Справочник'!$B$5:$B$30,MATCH(A34,'Справочник'!$A$5:$A$30,0)),""))="",C34="",D34="",E34=""),"",IF(B34<>"",B34,IFERROR(INDEX('Справочник'!$B$5:$B$30,MATCH(A34,'Справочник'!$A$5:$A$30,0)),""))&IF(ISNUMBER(FIND("?",IF(B34<>"",B34,IFERROR(INDEX('Справочник'!$B$5:$B$30,MATCH(A34,'Справочник'!$A$5:$A$30,0)),"")))),"&","?")&"utm_source="&C34&"&utm_medium="&D34&"&utm_campaign="&E34&IF(F34<>"","&utm_content="&F34,"")) -> https://legalcareerist.ru/community?utm_source=telegram&utm_medium=post&utm_campaign=yugrbbb_community | H34: Telegram-блогер @yugrbbb (t.me/yugrbbb): переходы в сообщество
G35: =IF(OR(IF(B35<>"",B35,IFERROR(INDEX('Справочник'!$B$5:$B$30,MATCH(A35,'Справочник'!$A$5:$A$30,0)),""))="",C35="",D35="",E35=""),"",IF(B35<>"",B35,IFERROR(INDEX('Справочник'!$B$5:$B$30,MATCH(A35,'Справочник'!$A$5:$A$30,0)),""))&IF(ISNUMBER(FIND("?",IF(B35<>"",B35,IFERROR(INDEX('Справочник'!$B$5:$B$30,MATCH(A35,'Справочник'!$A$5:$A$30,0)),"")))),"&","?")&"utm_source="&C35&"&utm_medium="&D35&"&utm_campaign="&E35&IF(F35<>"","&utm_content="&F35,""))
G36: =IF(OR(IF(B36<>"",B36,IFERROR(INDEX('Справочник'!$B$5:$B$30,MATCH(A36,'Справочник'!$A$5:$A$30,0)),""))="",C36="",D36="",E36=""),"",IF(B36<>"",B36,IFERROR(INDEX('Справочник'!$B$5:$B$30,MATCH(A36,'Справочник'!$A$5:$A$30,0)),""))&IF(ISNUMBER(FIND("?",IF(B36<>"",B36,IFERROR(INDEX('Справочник'!$B$5:$B$30,MATCH(A36,'Справочник'!$A$5:$A$30,0)),"")))),"&","?")&"utm_source="&C36&"&utm_medium="&D36&"&utm_campaign="&E36&IF(F36<>"","&utm_content="&F36,""))
G37: =IF(OR(IF(B37<>"",B37,IFERROR(INDEX('Справочник'!$B$5:$B$30,MATCH(A37,'Справочник'!$A$5:$A$30,0)),""))="",C37="",D37="",E37=""),"",IF(B37<>"",B37,IFERROR(INDEX('Справочник'!$B$5:$B$30,MATCH(A37,'Справочник'!$A$5:$A$30,0)),""))&IF(ISNUMBER(FIND("?",IF(B37<>"",B37,IFERROR(INDEX('Справочник'!$B$5:$B$30,MATCH(A37,'Справочник'!$A$5:$A$30,0)),"")))),"&","?")&"utm_source="&C37&"&utm_medium="&D37&"&utm_campaign="&E37&IF(F37<>"","&utm_content="&F37,""))
G38: =IF(OR(IF(B38<>"",B38,IFERROR(INDEX('Справочник'!$B$5:$B$30,MATCH(A38,'Справочник'!$A$5:$A$30,0)),""))="",C38="",D38="",E38=""),"",IF(B38<>"",B38,IFERROR(INDEX('Справочник'!$B$5:$B$30,MATCH(A38,'Справочник'!$A$5:$A$30,0)),""))&IF(ISNUMBER(FIND("?",IF(B38<>"",B38,IFERROR(INDEX('Справочник'!$B$5:$B$30,MATCH(A38,'Справочник'!$A$5:$A$30,0)),"")))),"&","?")&"utm_source="&C38&"&utm_medium="&D38&"&utm_campaign="&E38&IF(F38<>"","&utm_content="&F38,""))
G39: =IF(OR(IF(B39<>"",B39,IFERROR(INDEX('Справочник'!$B$5:$B$30,MATCH(A39,'Справочник'!$A$5:$A$30,0)),""))="",C39="",D39="",E39=""),"",IF(B39<>"",B39,IFERROR(INDEX('Справочник'!$B$5:$B$30,MATCH(A39,'Справочник'!$A$5:$A$30,0)),""))&IF(ISNUMBER(FIND("?",IF(B39<>"",B39,IFERROR(INDEX('Справочник'!$B$5:$B$30,MATCH(A39,'Справочник'!$A$5:$A$30,0)),"")))),"&","?")&"utm_source="&C39&"&utm_medium="&D39&"&utm_campaign="&E39&IF(F39<>"","&utm_content="&F39,""))
G40: =IF(OR(IF(B40<>"",B40,IFERROR(INDEX('Справочник'!$B$5:$B$30,MATCH(A40,'Справочник'!$A$5:$A$30,0)),""))="",C40="",D40="",E40=""),"",IF(B40<>"",B40,IFERROR(INDEX('Справочник'!$B$5:$B$30,MATCH(A40,'Справочник'!$A$5:$A$30,0)),""))&IF(ISNUMBER(FIND("?",IF(B40<>"",B40,IFERROR(INDEX('Справочник'!$B$5:$B$30,MATCH(A40,'Справочник'!$A$5:$A$30,0)),"")))),"&","?")&"utm_source="&C40&"&utm_medium="&D40&"&utm_campaign="&E40&IF(F40<>"","&utm_content="&F40,""))
G41: =IF(OR(IF(B41<>"",B41,IFERROR(INDEX('Справочник'!$B$5:$B$30,MATCH(A41,'Справочник'!$A$5:$A$30,0)),""))="",C41="",D41="",E41=""),"",IF(B41<>"",B41,IFERROR(INDEX('Справочник'!$B$5:$B$30,MATCH(A41,'Справочник'!$A$5:$A$30,0)),""))&IF(ISNUMBER(FIND("?",IF(B41<>"",B41,IFERROR(INDEX('Справочник'!$B$5:$B$30,MATCH(A41,'Справочник'!$A$5:$A$30,0)),"")))),"&","?")&"utm_source="&C41&"&utm_medium="&D41&"&utm_campaign="&E41&IF(F41<>"","&utm_content="&F41,""))
G42: =IF(OR(IF(B42<>"",B42,IFERROR(INDEX('Справочник'!$B$5:$B$30,MATCH(A42,'Справочник'!$A$5:$A$30,0)),""))="",C42="",D42="",E42=""),"",IF(B42<>"",B42,IFERROR(INDEX('Справочник'!$B$5:$B$30,MATCH(A42,'Справочник'!$A$5:$A$30,0)),""))&IF(ISNUMBER(FIND("?",IF(B42<>"",B42,IFERROR(INDEX('Справочник'!$B$5:$B$30,MATCH(A42,'Справочник'!$A$5:$A$30,0)),"")))),"&","?")&"utm_source="&C42&"&utm_medium="&D42&"&utm_campaign="&E42&IF(F42<>"","&utm_content="&F42,""))
G43: =IF(OR(IF(B43<>"",B43,IFERROR(INDEX('Справочник'!$B$5:$B$30,MATCH(A43,'Справочник'!$A$5:$A$30,0)),""))="",C43="",D43="",E43=""),"",IF(B43<>"",B43,IFERROR(INDEX('Справочник'!$B$5:$B$30,MATCH(A43,'Справочник'!$A$5:$A$30,0)),""))&IF(ISNUMBER(FIND("?",IF(B43<>"",B43,IFERROR(INDEX('Справочник'!$B$5:$B$30,MATCH(A43,'Справочник'!$A$5:$A$30,0)),"")))),"&","?")&"utm_source="&C43&"&utm_medium="&D43&"&utm_campaign="&E43&IF(F43<>"","&utm_content="&F43,""))
G44: =IF(OR(IF(B44<>"",B44,IFERROR(INDEX('Справочник'!$B$5:$B$30,MATCH(A44,'Справочник'!$A$5:$A$30,0)),""))="",C44="",D44="",E44=""),"",IF(B44<>"",B44,IFERROR(INDEX('Справочник'!$B$5:$B$30,MATCH(A44,'Справочник'!$A$5:$A$30,0)),""))&IF(ISNUMBER(FIND("?",IF(B44<>"",B44,IFERROR(INDEX('Справочник'!$B$5:$B$30,MATCH(A44,'Справочник'!$A$5:$A$30,0)),"")))),"&","?")&"utm_source="&C44&"&utm_medium="&D44&"&utm_campaign="&E44&IF(F44<>"","&utm_content="&F44,""))
G45: =IF(OR(IF(B45<>"",B45,IFERROR(INDEX('Справочник'!$B$5:$B$30,MATCH(A45,'Справочник'!$A$5:$A$30,0)),""))="",C45="",D45="",E45=""),"",IF(B45<>"",B45,IFERROR(INDEX('Справочник'!$B$5:$B$30,MATCH(A45,'Справочник'!$A$5:$A$30,0)),""))&IF(ISNUMBER(FIND("?",IF(B45<>"",B45,IFERROR(INDEX('Справочник'!$B$5:$B$30,MATCH(A45,'Справочник'!$A$5:$A$30,0)),"")))),"&","?")&"utm_source="&C45&"&utm_medium="&D45&"&utm_campaign="&E45&IF(F45<>"","&utm_content="&F45,""))
G46: =IF(OR(IF(B46<>"",B46,IFERROR(INDEX('Справочник'!$B$5:$B$30,MATCH(A46,'Справочник'!$A$5:$A$30,0)),""))="",C46="",D46="",E46=""),"",IF(B46<>"",B46,IFERROR(INDEX('Справочник'!$B$5:$B$30,MATCH(A46,'Справочник'!$A$5:$A$30,0)),""))&IF(ISNUMBER(FIND("?",IF(B46<>"",B46,IFERROR(INDEX('Справочник'!$B$5:$B$30,MATCH(A46,'Справочник'!$A$5:$A$30,0)),"")))),"&","?")&"utm_source="&C46&"&utm_medium="&D46&"&utm_campaign="&E46&IF(F46<>"","&utm_content="&F46,""))
... G204: =IF(OR(IF(B204<>"",B204,IFERROR(INDEX('Справочник'!$B$5:$B$30,MATCH(A204,'Справочник'!$A$5:$A$30,0)),""))="",C204="",D204="",E204=""),"",IF(B204<>"",B204,IFERROR(INDEX('Справочник'!$B$5:$B$30,MATCH(A204,'Справочник'!$A$5:$A$30,0)),""))&IF(ISNUMBER(FIND("?",IF(B204<>"",B204,IFERROR(INDEX('Справочник'!$B$5:$B$30,MATCH(A204,'Справочник'!$A$5:$A$30,0)),"")))),"&","?")&"utm_source="&C204&"&utm_medium="&D204&"&utm_campaign="&E204&IF(F204<>"","&utm_content="&F204,""))

Sheet Справочник
A1: Справочник значений
A2: Значения в выпадающих списках листа «Ссылки» берутся отсюда. Чтобы добавить новую страницу, источник или канал, впишите значение в первую свободную жёлтую строку своего списка (до строки 30): оно появится в выпадающем списке само. Значения источника и канала пишите строчными латинскими буквами.
A4: Страница | B4: Адрес страницы | D4: Источник (utm_source) | E4: Что это | G4: Канал (utm_medium) | H4: Что это
A5: Главная | B5: https://legalcareerist.ru/ | D5: telegram | E5: Telegram: канал, чаты, личные сообщения | G5: post | H5: Пост в ленте или канале
A6: Работодателям (заявка на подбор) | B6: https://legalcareerist.ru/kadry/employers | D6: vk | E6: ВКонтакте | G6: story | H6: Сторис
A7: Соискателям | B7: https://legalcareerist.ru/kadry/candidates | D7: instagram | E7: Instagram | G7: bio | H7: Ссылка в шапке или описании профиля
A8: Кадровый резерв | B8: https://legalcareerist.ru/kadry/candidates/reserve | D8: youtube | E8: YouTube | G8: ads | H8: Платная реклама
A9: Карьерные консультации | B9: https://legalcareerist.ru/kadry/candidates/consultation | D9: tiktok | E9: TikTok | G9: video | H9: Описание или комментарий к видео
A10: Вакансии (список) | B10: https://legalcareerist.ru/kadry/vacancies | D10: dzen | E10: Дзен | G10: message | H10: Рассылка или личное сообщение
A11: Вакансия «Младший юрист», КГ «ТИМ» | B11: https://legalcareerist.ru/vacancies/mladshiy-yurist-tim | D11: x | E11: X (Twitter) | G11: email | H11: Письмо
A12: Сообщество (подписка) | B12: https://legalcareerist.ru/community | D12: podcast | E12: Подкаст | G12: qr | H12: QR-код
A13: Мероприятия (афиша) | B13: https://legalcareerist.ru/events | D13: email | E13: Почтовая рассылка | G13: partner | H13: Публикация партнёра
A14: Джазовый вечер для юристов 2 | B14: https://legalcareerist.ru/events/dzhazovyy-vecher-dlya-yuristov-2 | D14: partner | E14: Партнёры и организаторы
A15: Маркетплейс | B15: https://legalcareerist.ru/marketplace | D15: offline | E15: Печатные материалы и мероприятия (QR-коды)
A16: Лонглист «Студенческие юридические мероприятия» | B16: https://legalcareerist.ru/materials/longlist-studencheskie-yuridicheskie-meropriyatiya
A17: Гайд «Карьера юриста в нотариате» | B17: https://legalcareerist.ru/materials/gaid-kariera-yurista-v-notariate
A18: Гайд «Стипендии и гранты» | B18: https://legalcareerist.ru/materials/gaid-stipendii-i-granty
A19: Блог | B19: https://legalcareerist.ru/blog

Sheet Правила
A1: Правила меток
A3: Зачем | B3: Без меток трафик из Telegram и соцсетей смешивается в общие «переходы». С метками Метрика показывает, какая публикация привела людей, а в Telegram-уведомлении о заявке есть строка «Источник».
A4: Три обязательные метки | B4: utm_source — где опубликована ссылка (telegram, vk). utm_medium — тип размещения (post, story, bio, ads). utm_campaign — короткое название кампании (oktober_vacancies).
A5: Необязательная метка | B5: utm_content — чтобы различать варианты внутри кампании (button_top, text_b). utm_term не нужна.
A6: Как писать | B6: Только строчные латинские буквы, цифры, дефис или подчёркивание, без пробелов и кириллицы. telegram и Telegram — разные источники в рекламных кабинетах и внешних сервисах. Сайт сам приводит метки к строчным, но на это лучше не рассчитывать.
A7: Название кампании | B7: Тема и месяц через подчёркивание: oktober_vacancies, legal_night_jazz_2, materials_oktober. Одна кампания — одно название во всех источниках: так в Метрике видно сумму по кампании и разбивку по площадкам.
A8: Не ставить метки на внутренние ссылки | B8: Метки нужны только на ссылки, которые вы публикуете снаружи. На ссылки между страницами самого сайта их ставить нельзя: они сбивают источник визита.
A9: Бот | B9: Метки работают только для ссылок на сайт. Ссылка на бота (t.me/…) ведёт в Telegram, а не на сайт; для неё используется параметр start, например https://t.me/legalcareerist_bot?start=tg_post_oktober.
A10: Где смотреть результат | B10: Метрика: «Отчёты → Источники → Метки UTM». Заявки: в уведомлении админу строка «📣 Источник: telegram / post / oktober_vacancies». Метки запоминаются в браузере на 30 дней: человек, пришедший по ссылке и оставивший заявку позже, будет учтён с меткой.
A11: Метки считаются только у согласившихся | B11: Счётчик Метрики включается после «Принять» в окне про cookie, поэтому в Метрике будут посетители, согласившиеся на cookie. Источник в уведомлении о заявке от этого не зависит.
A12: Instagram | B12: Добавлен в список источников по запросу. В России он заблокирован, а компания Meta признана экстремистской организацией.
